responsable,total_casos,casos_abiertos,casos_en_proceso,casos_cerrados,tasa_resolucion,monto_gestionado,complejidad_alta,complejidad_media,complejidad_baja,score_eficiencia
David,54,18,14,22,40.74074074074074,1242177.5099999998,16,21,17,49.629629629629626
Alice,51,19,14,18,35.294117647058826,1524092.0099999995,16,13,22,45.294117647058826
Bob,47,15,13,19,40.42553191489361,1132180.14,24,12,11,42.97872340425532
Charlie,48,14,20,14,29.166666666666668,1236160.3900000001,18,18,12,39.16666666666667
