tipo_caso,total_casos,porcentaje,monto_total,monto_promedio,casos_abiertos,casos_alta_complejidad,tasa_resolucion
Proveedor VIP,34,17.0,773036.43,22736.365588235294,11,9,38.23529411764706
Excepci贸n Regulatoria,30,15.0,752424.5499999999,25080.818333333333,10,10,43.333333333333336
Aprobaci贸n Manual,29,14.499999999999998,929569.8400000001,32054.132413793108,11,12,37.93103448275862
Ajuste Contable,28,14.000000000000002,753875.2999999999,26924.117857142854,8,10,28.57142857142857
Pago Urgente,22,11.0,574934.6299999999,26133.39227272727,7,9,36.36363636363637
Transacci贸n Internacional Compleja,21,10.5,526433.86,25068.279047619046,9,11,33.33333333333333
Transacci贸n con Disputa,20,10.0,462139.3900000001,23106.969500000003,6,10,30.0
Caso de Fuerza Mayor,16,8.0,362196.05000000005,22637.253125000003,4,3,43.75
