responsable,total_casos,casos_abiertos,casos_en_proceso,casos_cerrados,alta_complejidad,monto_total,promedio_antiguedad,indice_carga
Bob,47,15,13,19,24,1132180.14,1295.276595744681,119
Charlie,48,14,20,14,18,1236160.3900000001,1292.1875,118
Alice,51,19,14,18,16,1524092.0099999995,1279.235294117647,117
David,54,18,14,22,16,1242177.5099999998,1277.3703703703704,114
